age,city,ccnumber,domain
64,Asiukap,6011755606949777,zig.hr
53,Wudhuwba,6379589775818976,lovobfa.ve
53,Lamuruc,5018203004547575,fodfama.ac
54,Etpichu,5437683843285037,muomi.hn
34,Inuvoro,6376301271760139,ho.fj
51,Mugpunif,6371343312652532,edapoiwu.bd
48,Zuduzos,343513228544654,kimwuvgiz.gb
30,Tuiwsej,5131182482010045,roosa.be
48,Ridtihpaj,36586865621375,ki.ma
44,Vozuwto,5610392263431753,wa.io
37,Terukkib,5443503400248180,rufidig.no
50,Gigkappo,4026439228806263,joani.gh
57,Ofajius,6334079348809276,ofvec.ie
42,Hesimna,5468622996402793,co.mr
46,Suhivgut,341403681367763,mes.cc
53,Zukekbe,6273198236498407,cijki.ad
52,Pulojdo,5452945969126273,jakiake.tw
27,Fapkoiho,4661251512381055,ser.bm
44,Sobeloj,4026579537752938,ha.mh
20,Wefeduw,6304818747914666,ritdi.cw
62,Amitaoba,5018097359680399,vem.tv
19,Luhnipvic,4026396691957009,teptofeli.br
38,Hebutki,5610221250241117,nikuj.ht
62,Taavisuv,6011753242040739,lijop.eg
40,Riabewa,201499356294729,zeja.th
51,Jivpasa,5610956888442641,commu.ht
22,Esuwugek,4876449091291890,jahfidgar.ie
24,Rajemwev,36346028501497,uho.pw
65,Paigda,6296581628870650,zamapa.pk
34,Ogpijov,4903395658405455,jopkom.ad
40,Azeporo,36061659338743,nu.bm
58,Upupifner,201477686821460,bonbu.zw
54,Usmoug,3528183156258320,fez.ag
32,Pecpumov,5109861167911688,zeslov.tk
61,Awbohere,5467388039407246,ricu.al
21,Lifnevu,4742269458421571,tougi.kp
41,Vapkovek,6334726816356004,mu.cm
60,Ehipoca,5184493099686036,fi.ug
30,Awmazpo,6334117383030000,nuocli.si
29,Kuftambo,5489879418202061,velem.ae
44,Wairota,5610354900303407,ur.nl
19,Dovvapkob,6304836842160175,londipzu.ws
63,Supcofut,5018349041630963,usre.vn
59,Fuvosav,6375511751193434,ivo.bw
55,Tutebmu,4903374820594728,gapsik.gh
27,Ukikunte,6011625432264248,bacokfe.vc
47,Zodnodjes,6334038936203060,sus.cx
29,Ejebujlez,6011029776003579,gumupgu.sy
51,Zuzahub,342374824126342,ibu.ls
27,Amurebjut,6304201188321867,icwo.lc
50,Monuhor,6304462560911440,dealuzij.td
50,Danvolki,4026400546241641,ve.la
36,Seimeijo,6334507227342597,kuvlori.nc
60,Owuzizer,5115454049043102,zefcimi.su
50,Mecribe,5484156269169003,lajeltuc.bt
50,Walomatu,5610069661243044,lesuveh.yt
24,Mizotja,6011804761002459,nusoubu.do
46,Panofo,3528327666258847,emrivu.dz
58,Fojooru,36938661114644,robauw.ci
36,Wanbevpa,201491431760071,erfe.tr
27,Rokenoj,6334176344031515,mo.mx
30,Ohipovca,6011682023884470,imasijon.vc
63,Vurhodco,4026060281848859,wo.gd
24,Tocincev,30045054798367,acakeksab.ps
39,Vobdevwo,4903345869813377,zaj.net
49,Mogecwi,3528684024295493,hufobep.pm
42,Irvewgel,36736845325734,awbub.gt
59,Hipladzec,6304228811822458,arite.gf
36,Gerentuj,4903740526584900,idolemfo.no
60,Oveikono,5484820813932998,wapek.gu
56,Mabkiwzi,6304052485125703,toscara.ge
26,Licibmez,3528487633092735,gogorro.at
39,Riruplu,4903310687824824,azwiebi.jm
37,Fupgijwej,5457518339887232,foib.edu
51,Iteciko,4903330484221198,do.ir
61,Idatakme,345744488259398,ze.kh
19,Dobsuvduh,6304495867435101,lawaf.au
45,Rikhesdih,36219519865608,kovho.qa
55,Fovofi,4026660214370549,noad.gw
27,Ibhezma,30028714330375,can.bh
30,Ocenilma,3528962984579027,gicfav.mz
42,Nemipiw,5610794703369982,vu.dz
52,Dejtiopi,36109725754987,kilowu.ws
30,Icjijkil,30064659759542,til.my
56,Laznutweb,6304504268166015,lipbo.es
63,Mesutuka,6304346810211927,sabic.ws
64,Nuttelset,6379747299629101,zinucfu.bf
46,Lepone,5147096308116376,pu.ck
26,Deddaco,6304553400498950,bupezem.bv
18,Penjaezu,5487705381338941,hashebner.bg
47,Sovento,5406645989778858,felak.cx
27,Mojwiwiwa,30026334545521,fuwfogeb.kg
51,Nazlaccot,30014549353428,dij.sh
64,Ecusaluk,5610487558279808,cenpiliw.pr
59,Pubazzup,5431811879746160,eweamuile.kg
45,Ehovewjic,3528303279883933,wecehaf.iq
32,Rivesvuz,6011377881317776,enipuzze.se
54,Ziowhu,4026195777663220,jeduj.ni
26,Wufahra,5018923680572627,aj.ag
61,Divkeluz,5610957342200203,zahog.su